# from,to_exclusive,reason (Broker Server Time)
2026.01.02 23:58:00,2026.01.03 00:00:00,PFM_NO_TICKS_NO_BAR
2026.01.06 23:59:00,2026.01.07 00:00:00,PFM_NO_TICKS_NO_BAR
2026.01.09 23:57:00,2026.01.10 00:00:00,PFM_NO_TICKS_NO_BAR
2026.01.16 23:58:00,2026.01.17 00:00:00,PFM_NO_TICKS_NO_BAR
2026.01.23 23:58:00,2026.01.24 00:00:00,PFM_NO_TICKS_NO_BAR
2026.02.20 20:31:00,2026.02.20 20:41:00,CRITICAL_DATA_GAP
2026.03.26 15:00:00,2026.03.26 15:01:00,PFM_NO_TICKS_NO_BAR
2026.04.09 16:38:00,2026.04.09 16:45:00,PFM_RECONCILIATION_FAILED+PFM_NO_TICKS_WITH_BAR
2026.05.25 21:30:00,2026.05.25 21:49:00,CRITICAL_DATA_GAP
2026.05.25 21:53:00,2026.05.25 22:20:00,PFM_NO_TICKS_NO_BAR+CRITICAL_DATA_GAP
2026.05.25 22:24:00,2026.05.25 22:25:00,PFM_NO_TICKS_NO_BAR
2026.05.25 22:26:00,2026.05.25 22:27:00,PFM_NO_TICKS_NO_BAR
2026.05.25 22:28:00,2026.05.25 22:29:00,PFM_NO_TICKS_NO_BAR
2026.05.25 22:32:00,2026.05.25 22:33:00,PFM_NO_TICKS_NO_BAR
2026.05.25 22:38:00,2026.05.25 22:40:00,PFM_NO_TICKS_NO_BAR
2026.05.25 22:42:00,2026.05.25 22:43:00,PFM_NO_TICKS_NO_BAR
2026.05.25 22:44:00,2026.05.25 22:46:00,PFM_NO_TICKS_NO_BAR
2026.05.25 22:49:00,2026.05.25 22:50:00,PFM_NO_TICKS_NO_BAR
2026.05.25 22:51:00,2026.05.25 22:52:00,PFM_NO_TICKS_NO_BAR
2026.05.25 22:53:00,2026.05.25 22:54:00,PFM_NO_TICKS_NO_BAR
2026.05.25 22:56:00,2026.05.25 22:57:00,PFM_NO_TICKS_NO_BAR
2026.05.25 22:59:00,2026.05.25 23:00:00,PFM_NO_TICKS_NO_BAR
2026.05.25 23:19:00,2026.05.25 23:20:00,PFM_NO_TICKS_NO_BAR
2026.05.25 23:25:00,2026.05.25 23:26:00,PFM_NO_TICKS_NO_BAR
2026.05.25 23:28:00,2026.05.25 23:38:00,PFM_NO_TICKS_NO_BAR+CRITICAL_DATA_GAP
2026.05.25 23:39:00,2026.05.25 23:40:00,PFM_NO_TICKS_NO_BAR
2026.06.19 20:00:00,2026.06.20 00:00:00,CRITICAL_DATA_GAP
2026.08.13 01:15:00,2026.08.13 02:01:00,CRITICAL_DATA_GAP+PFM_RECONCILIATION_FAILED
