date,weekday,session_start,ref_date,ref_spread_pts,ref_samples,resume_time,ny_start,status,m1_bars
2026-01-02,FRIDAY,2026-01-02T01:15:00,,NA,0,,,WARMUP,1378
2026-01-05,MONDAY,2026-01-05T01:15:00,2026-01-02,29.0,690,2026-01-05T01:20:00,2026-01-05T16:30:00,NORMAL,1380
2026-01-06,TUESDAY,2026-01-06T01:15:00,2026-01-05,28.0,690,2026-01-06T01:20:00,2026-01-06T16:30:00,NORMAL,1379
2026-01-07,WEDNESDAY,2026-01-07T01:15:00,2026-01-06,28.0,690,2026-01-07T01:20:00,2026-01-07T16:30:00,NORMAL,1380
2026-01-08,THURSDAY,2026-01-08T01:15:00,2026-01-07,28.0,690,2026-01-08T01:20:00,2026-01-08T16:30:00,NORMAL,1380
2026-01-09,FRIDAY,2026-01-09T01:15:00,2026-01-08,28.0,690,2026-01-09T01:20:00,2026-01-09T16:30:00,NORMAL,1377
2026-01-12,MONDAY,2026-01-12T01:15:00,2026-01-09,28.0,690,2026-01-12T01:20:00,2026-01-12T16:30:00,NORMAL,1380
2026-01-13,TUESDAY,2026-01-13T01:15:00,2026-01-12,28.0,690,2026-01-13T01:20:00,2026-01-13T16:30:00,NORMAL,1380
2026-01-14,WEDNESDAY,2026-01-14T01:15:00,2026-01-13,28.0,690,2026-01-14T01:20:00,2026-01-14T16:30:00,NORMAL,1380
2026-01-15,THURSDAY,2026-01-15T01:15:00,2026-01-14,28.0,690,2026-01-15T01:20:00,2026-01-15T16:30:00,NORMAL,1380
2026-01-16,FRIDAY,2026-01-16T01:15:00,2026-01-15,28.0,690,2026-01-16T01:20:00,2026-01-16T16:30:00,NORMAL,1378
2026-01-19,MONDAY,2026-01-19T01:15:00,2026-01-16,28.0,690,2026-01-19T01:20:00,2026-01-19T16:30:00,NORMAL,1231
2026-01-20,TUESDAY,2026-01-20T01:15:00,2026-01-19,28.0,690,2026-01-20T01:20:00,2026-01-20T16:30:00,NORMAL,1380
2026-01-21,WEDNESDAY,2026-01-21T01:15:00,2026-01-20,28.0,690,2026-01-21T01:20:00,2026-01-21T16:30:00,NORMAL,1380
2026-01-22,THURSDAY,2026-01-22T01:15:00,2026-01-21,28.0,690,2026-01-22T01:20:00,2026-01-22T16:30:00,NORMAL,1380
2026-01-23,FRIDAY,2026-01-23T01:15:00,2026-01-22,28.0,690,2026-01-23T01:20:00,2026-01-23T16:30:00,NORMAL,1378
2026-01-26,MONDAY,2026-01-26T01:15:00,2026-01-23,28.0,690,2026-01-26T01:20:00,2026-01-26T16:30:00,NORMAL,1380
2026-01-27,TUESDAY,2026-01-27T01:15:00,2026-01-26,33.0,690,2026-01-27T01:20:00,2026-01-27T16:30:00,NORMAL,1380
2026-01-28,WEDNESDAY,2026-01-28T01:15:00,2026-01-27,33.0,690,2026-01-28T01:20:00,2026-01-28T16:30:00,NORMAL,1380
2026-01-29,THURSDAY,2026-01-29T01:15:00,2026-01-28,35.0,690,2026-01-29T01:20:00,2026-01-29T16:30:00,NORMAL,1380
2026-01-30,FRIDAY,2026-01-30T01:15:00,2026-01-29,36.0,690,2026-01-30T01:20:00,2026-01-30T16:30:00,NORMAL,1380
2026-02-02,MONDAY,2026-02-02T01:15:00,2026-01-30,41.0,690,2026-02-02T01:20:00,2026-02-02T16:30:00,NORMAL,1380
2026-02-03,TUESDAY,2026-02-03T01:15:00,2026-02-02,36.0,690,2026-02-03T01:20:00,2026-02-03T16:30:00,NORMAL,1380
2026-02-04,WEDNESDAY,2026-02-04T01:15:00,2026-02-03,56.0,690,2026-02-04T01:20:00,2026-02-04T16:30:00,NORMAL,1380
2026-02-05,THURSDAY,2026-02-05T01:15:00,2026-02-04,56.0,690,2026-02-05T01:20:00,2026-02-05T16:30:00,NORMAL,1380
2026-02-06,FRIDAY,2026-02-06T01:15:00,2026-02-05,57.0,690,2026-02-06T01:20:00,2026-02-06T16:30:00,NORMAL,1380
2026-02-09,MONDAY,2026-02-09T01:15:00,2026-02-06,58.0,690,2026-02-09T01:20:00,2026-02-09T16:30:00,NORMAL,1380
2026-02-10,TUESDAY,2026-02-10T01:15:00,2026-02-09,58.0,690,2026-02-10T01:20:00,2026-02-10T16:30:00,NORMAL,1380
2026-02-11,WEDNESDAY,2026-02-11T01:15:00,2026-02-10,60.0,690,2026-02-11T01:20:00,2026-02-11T16:30:00,NORMAL,1380
2026-02-12,THURSDAY,2026-02-12T01:15:00,2026-02-11,56.5,690,2026-02-12T01:20:00,2026-02-12T16:30:00,NORMAL,1380
2026-02-13,FRIDAY,2026-02-13T01:15:00,2026-02-12,56.0,690,2026-02-13T01:20:00,2026-02-13T16:30:00,NORMAL,1380
2026-02-16,MONDAY,2026-02-16T01:15:00,2026-02-13,55.0,690,2026-02-16T01:20:00,2026-02-16T16:30:00,NORMAL,1231
2026-02-17,TUESDAY,2026-02-17T01:15:00,2026-02-16,57.0,690,2026-02-17T01:20:00,2026-02-17T16:30:00,NORMAL,1380
2026-02-18,WEDNESDAY,2026-02-18T01:15:00,2026-02-17,56.0,690,2026-02-18T01:20:00,2026-02-18T16:30:00,NORMAL,1379
2026-02-19,THURSDAY,2026-02-19T01:15:00,2026-02-18,56.0,690,2026-02-19T01:20:00,2026-02-19T16:30:00,NORMAL,1380
2026-02-20,FRIDAY,2026-02-20T01:15:00,2026-02-19,55.0,690,2026-02-20T01:20:00,2026-02-20T16:30:00,NORMAL,1372
2026-02-23,MONDAY,2026-02-23T01:15:00,2026-02-20,55.0,682,2026-02-23T01:20:00,2026-02-23T16:30:00,NORMAL,1380
2026-02-24,TUESDAY,2026-02-24T01:15:00,2026-02-23,55.0,690,2026-02-24T01:20:00,2026-02-24T16:30:00,NORMAL,1380
2026-02-25,WEDNESDAY,2026-02-25T01:15:00,2026-02-24,55.0,690,2026-02-25T01:20:00,2026-02-25T16:30:00,NORMAL,1380
2026-02-26,THURSDAY,2026-02-26T01:15:00,2026-02-25,55.0,690,2026-02-26T01:20:00,2026-02-26T16:30:00,NORMAL,1380
2026-02-27,FRIDAY,2026-02-27T01:15:00,2026-02-26,55.0,690,2026-02-27T01:20:00,2026-02-27T16:30:00,NORMAL,1380
2026-03-02,MONDAY,2026-03-02T01:15:00,2026-02-27,56.0,690,2026-03-02T01:23:00,2026-03-02T16:30:00,NORMAL,1380
2026-03-03,TUESDAY,2026-03-03T01:15:00,2026-03-02,77.0,690,2026-03-03T01:20:00,2026-03-03T16:30:00,NORMAL,1380
2026-03-04,WEDNESDAY,2026-03-04T01:15:00,2026-03-03,77.0,690,2026-03-04T01:20:00,2026-03-04T16:30:00,NORMAL,1380
2026-03-05,THURSDAY,2026-03-05T01:15:00,2026-03-04,77.0,690,2026-03-05T01:20:00,2026-03-05T16:30:00,NORMAL,1380
2026-03-06,FRIDAY,2026-03-06T01:15:00,2026-03-05,78.0,690,2026-03-06T01:20:00,2026-03-06T16:30:00,NORMAL,1380
2026-03-09,MONDAY,2026-03-09T01:15:00,2026-03-06,78.0,690,2026-03-09T01:20:00,2026-03-09T16:30:00,NORMAL,1380
2026-03-10,TUESDAY,2026-03-10T01:15:00,2026-03-09,78.0,690,2026-03-10T02:02:00,2026-03-10T16:30:00,NORMAL,1380
2026-03-11,WEDNESDAY,2026-03-11T01:15:00,2026-03-10,75.0,690,2026-03-11T02:04:00,2026-03-11T16:30:00,NORMAL,1380
2026-03-12,THURSDAY,2026-03-12T01:15:00,2026-03-11,75.0,690,2026-03-12T01:20:00,2026-03-12T16:30:00,NORMAL,1380
2026-03-13,FRIDAY,2026-03-13T01:15:00,2026-03-12,75.0,690,2026-03-13T02:04:00,2026-03-13T16:30:00,NORMAL,1380
2026-03-16,MONDAY,2026-03-16T01:15:00,2026-03-13,75.0,690,2026-03-16T02:04:00,2026-03-16T16:30:00,NORMAL,1380
2026-03-17,TUESDAY,2026-03-17T01:15:00,2026-03-16,75.0,690,2026-03-17T02:04:00,2026-03-17T16:30:00,NORMAL,1380
2026-03-18,WEDNESDAY,2026-03-18T01:15:00,2026-03-17,75.0,690,2026-03-18T02:03:00,2026-03-18T16:30:00,NORMAL,1380
2026-03-19,THURSDAY,2026-03-19T01:15:00,2026-03-18,75.0,690,2026-03-19T01:36:00,2026-03-19T16:30:00,NORMAL,1380
2026-03-20,FRIDAY,2026-03-20T01:15:00,2026-03-19,75.0,690,2026-03-20T02:01:00,2026-03-20T16:30:00,NORMAL,1380
2026-03-23,MONDAY,2026-03-23T01:15:00,2026-03-20,75.0,690,2026-03-23T01:24:00,2026-03-23T16:30:00,NORMAL,1380
2026-03-24,TUESDAY,2026-03-24T01:15:00,2026-03-23,74.0,690,2026-03-24T02:03:00,2026-03-24T16:30:00,NORMAL,1380
2026-03-25,WEDNESDAY,2026-03-25T01:15:00,2026-03-24,75.0,690,2026-03-25T02:04:00,2026-03-25T16:30:00,NORMAL,1380
2026-03-26,THURSDAY,2026-03-26T01:15:00,2026-03-25,74.5,690,2026-03-26T02:04:00,2026-03-26T16:30:00,NORMAL,1379
2026-03-27,FRIDAY,2026-03-27T01:15:00,2026-03-26,77.0,689,2026-03-27T01:20:00,2026-03-27T16:30:00,NORMAL,1380
2026-03-30,MONDAY,2026-03-30T01:15:00,2026-03-27,78.0,690,2026-03-30T02:04:00,2026-03-30T16:30:00,NORMAL,1380
2026-03-31,TUESDAY,2026-03-31T01:15:00,2026-03-30,74.0,690,2026-03-31T01:41:00,2026-03-31T16:30:00,NORMAL,1380
2026-04-01,WEDNESDAY,2026-04-01T01:15:00,2026-03-31,74.0,690,2026-04-01T02:04:00,2026-04-01T16:30:00,NORMAL,1380
2026-04-02,THURSDAY,2026-04-02T01:15:00,2026-04-01,77.0,690,2026-04-02T01:33:00,2026-04-02T16:30:00,NORMAL,1377
2026-04-06,MONDAY,2026-04-06T01:15:00,2026-04-02,59.0,690,2026-04-06T02:50:00,2026-04-06T16:30:00,NORMAL,1380
2026-04-07,TUESDAY,2026-04-07T01:15:00,2026-04-06,62.0,690,2026-04-07T02:04:00,2026-04-07T16:30:00,NORMAL,1380
2026-04-08,WEDNESDAY,2026-04-08T01:15:00,2026-04-07,59.0,690,2026-04-08T02:50:00,2026-04-08T16:30:00,NORMAL,1380
2026-04-09,THURSDAY,2026-04-09T01:15:00,2026-04-08,59.0,690,2026-04-09T02:50:00,2026-04-09T16:30:00,NORMAL,1380
2026-04-10,FRIDAY,2026-04-10T01:15:00,2026-04-09,60.0,690,2026-04-10T02:04:00,2026-04-10T16:30:00,NORMAL,1380
2026-04-13,MONDAY,2026-04-13T01:15:00,2026-04-10,59.0,690,2026-04-13T02:50:00,2026-04-13T16:30:00,NORMAL,1380
2026-04-14,TUESDAY,2026-04-14T01:15:00,2026-04-13,59.0,690,2026-04-14T02:50:00,2026-04-14T16:30:00,NORMAL,1380
2026-04-15,WEDNESDAY,2026-04-15T01:15:00,2026-04-14,59.0,690,2026-04-15T02:50:00,2026-04-15T16:30:00,NORMAL,1380
2026-04-16,THURSDAY,2026-04-16T01:15:00,2026-04-15,59.0,690,2026-04-16T02:50:00,2026-04-16T16:30:00,NORMAL,1380
2026-04-17,FRIDAY,2026-04-17T01:15:00,2026-04-16,60.0,690,2026-04-17T02:05:00,2026-04-17T16:30:00,NORMAL,1380
2026-04-20,MONDAY,2026-04-20T01:15:00,2026-04-17,59.0,690,2026-04-20T02:50:00,2026-04-20T16:30:00,NORMAL,1380
2026-04-21,TUESDAY,2026-04-21T01:15:00,2026-04-20,59.0,690,2026-04-21T02:50:00,2026-04-21T16:30:00,NORMAL,1380
2026-04-22,WEDNESDAY,2026-04-22T01:15:00,2026-04-21,60.0,690,2026-04-22T02:04:00,2026-04-22T16:30:00,NORMAL,1380
2026-04-23,THURSDAY,2026-04-23T01:15:00,2026-04-22,59.0,690,2026-04-23T02:50:00,2026-04-23T16:30:00,NORMAL,1380
2026-04-24,FRIDAY,2026-04-24T01:15:00,2026-04-23,59.0,690,2026-04-24T02:50:00,2026-04-24T16:30:00,NORMAL,1380
2026-04-27,MONDAY,2026-04-27T01:15:00,2026-04-24,59.0,690,2026-04-27T02:50:00,2026-04-27T16:30:00,NORMAL,1380
2026-04-28,TUESDAY,2026-04-28T01:15:00,2026-04-27,59.0,690,2026-04-28T02:50:00,2026-04-28T16:30:00,NORMAL,1380
2026-04-29,WEDNESDAY,2026-04-29T01:15:00,2026-04-28,58.0,690,2026-04-29T02:50:00,2026-04-29T16:30:00,NORMAL,1380
2026-04-30,THURSDAY,2026-04-30T01:15:00,2026-04-29,58.0,690,2026-04-30T02:50:00,2026-04-30T16:30:00,NORMAL,1380
2026-05-01,FRIDAY,2026-05-01T01:15:00,2026-04-30,58.0,690,2026-05-01T02:50:00,2026-05-01T16:30:00,NORMAL,1380
2026-05-04,MONDAY,2026-05-04T01:15:00,2026-05-01,58.0,690,2026-05-04T02:50:00,2026-05-04T16:30:00,NORMAL,1380
2026-05-05,TUESDAY,2026-05-05T01:15:00,2026-05-04,58.0,690,2026-05-05T02:50:00,2026-05-05T16:30:00,NORMAL,1380
2026-05-06,WEDNESDAY,2026-05-06T01:15:00,2026-05-05,56.0,690,2026-05-06T02:50:00,2026-05-06T16:30:00,NORMAL,1380
2026-05-07,THURSDAY,2026-05-07T01:15:00,2026-05-06,55.0,690,2026-05-07T02:50:00,2026-05-07T16:30:00,NORMAL,1380
2026-05-08,FRIDAY,2026-05-08T01:15:00,2026-05-07,56.0,690,2026-05-08T02:50:00,2026-05-08T16:30:00,NORMAL,1380
2026-05-11,MONDAY,2026-05-11T01:15:00,2026-05-08,56.0,690,2026-05-11T02:50:00,2026-05-11T16:30:00,NORMAL,1380
2026-05-12,TUESDAY,2026-05-12T01:15:00,2026-05-11,56.0,690,2026-05-12T02:50:00,2026-05-12T16:30:00,NORMAL,1380
2026-05-13,WEDNESDAY,2026-05-13T01:15:00,2026-05-12,56.0,690,2026-05-13T02:50:00,2026-05-13T16:30:00,NORMAL,1380
2026-05-14,THURSDAY,2026-05-14T01:15:00,2026-05-13,56.0,690,2026-05-14T02:50:00,2026-05-14T16:30:00,NORMAL,1380
2026-05-15,FRIDAY,2026-05-15T01:15:00,2026-05-14,56.0,690,2026-05-15T02:50:00,2026-05-15T16:30:00,NORMAL,1380
2026-05-18,MONDAY,2026-05-18T01:15:00,2026-05-15,56.0,690,2026-05-18T02:50:00,2026-05-18T16:30:00,NORMAL,1380
2026-05-19,TUESDAY,2026-05-19T01:15:00,2026-05-18,56.0,690,2026-05-19T02:50:00,2026-05-19T16:30:00,NORMAL,1380
2026-05-20,WEDNESDAY,2026-05-20T01:15:00,2026-05-19,56.0,690,2026-05-20T02:50:00,2026-05-20T16:30:00,NORMAL,1380
2026-05-21,THURSDAY,2026-05-21T01:15:00,2026-05-20,56.0,690,2026-05-21T02:50:00,2026-05-21T16:30:00,NORMAL,1380
2026-05-22,FRIDAY,2026-05-22T01:15:00,2026-05-21,45.0,690,2026-05-22T02:50:00,2026-05-22T16:30:00,NORMAL,1380
2026-05-25,MONDAY,2026-05-25T01:15:00,2026-05-22,45.0,690,2026-05-25T02:50:00,2026-05-25T16:30:00,NORMAL,1301
2026-05-26,TUESDAY,2026-05-26T01:15:00,2026-05-25,51.0,690,2026-05-26T02:50:00,2026-05-26T16:30:00,NORMAL,1380
2026-05-27,WEDNESDAY,2026-05-27T01:15:00,2026-05-26,45.0,690,2026-05-27T02:50:00,2026-05-27T16:30:00,NORMAL,1380
2026-05-28,THURSDAY,2026-05-28T01:15:00,2026-05-27,45.0,690,2026-05-28T02:50:00,2026-05-28T16:30:00,NORMAL,1380
2026-05-29,FRIDAY,2026-05-29T01:15:00,2026-05-28,45.0,690,2026-05-29T02:50:00,2026-05-29T16:30:00,NORMAL,1380
2026-06-01,MONDAY,2026-06-01T01:15:00,2026-05-29,45.0,690,2026-06-01T02:50:00,2026-06-01T16:30:00,NORMAL,1380
2026-06-02,TUESDAY,2026-06-02T01:15:00,2026-06-01,45.0,690,2026-06-02T02:50:00,2026-06-02T16:30:00,NORMAL,1380
2026-06-03,WEDNESDAY,2026-06-03T01:15:00,2026-06-02,45.0,690,2026-06-03T02:50:00,2026-06-03T16:30:00,NORMAL,1380
2026-06-04,THURSDAY,2026-06-04T01:15:00,2026-06-03,45.0,690,2026-06-04T02:50:00,2026-06-04T16:30:00,NORMAL,1380
2026-06-05,FRIDAY,2026-06-05T01:15:00,2026-06-04,45.0,690,2026-06-05T02:50:00,2026-06-05T16:30:00,NORMAL,1380
2026-06-08,MONDAY,2026-06-08T01:15:00,2026-06-05,45.0,690,2026-06-08T02:50:00,2026-06-08T16:30:00,NORMAL,1380
2026-06-09,TUESDAY,2026-06-09T01:15:00,2026-06-08,45.0,690,2026-06-09T02:50:00,2026-06-09T16:30:00,NORMAL,1380
2026-06-10,WEDNESDAY,2026-06-10T01:15:00,2026-06-09,45.0,690,2026-06-10T02:50:00,2026-06-10T16:30:00,NORMAL,1380
2026-06-11,THURSDAY,2026-06-11T01:15:00,2026-06-10,45.0,690,2026-06-11T02:50:00,2026-06-11T16:30:00,NORMAL,1380
2026-06-12,FRIDAY,2026-06-12T01:15:00,2026-06-11,45.0,690,2026-06-12T02:50:00,2026-06-12T16:30:00,NORMAL,1380
2026-06-15,MONDAY,2026-06-15T01:15:00,2026-06-12,45.0,690,2026-06-15T02:50:00,2026-06-15T16:30:00,NORMAL,1380
2026-06-16,TUESDAY,2026-06-16T01:15:00,2026-06-15,45.0,690,2026-06-16T02:50:00,2026-06-16T16:30:00,NORMAL,1380
2026-06-17,WEDNESDAY,2026-06-17T01:15:00,2026-06-16,45.0,690,2026-06-17T02:50:00,2026-06-17T16:30:00,NORMAL,1380
2026-06-18,THURSDAY,2026-06-18T01:15:00,2026-06-17,45.0,690,2026-06-18T02:50:00,2026-06-18T16:30:00,NORMAL,1380
2026-06-19,FRIDAY,2026-06-19T01:15:00,2026-06-18,45.0,690,2026-06-19T02:50:00,2026-06-19T16:30:00,NORMAL,1141
2026-06-22,MONDAY,2026-06-22T01:15:00,2026-06-19,45.0,601,2026-06-22T02:50:00,2026-06-22T16:30:00,NORMAL,1380
2026-06-23,TUESDAY,2026-06-23T01:15:00,2026-06-22,45.0,690,2026-06-23T02:50:00,2026-06-23T16:30:00,NORMAL,1380
2026-06-24,WEDNESDAY,2026-06-24T01:15:00,2026-06-23,45.0,690,2026-06-24T02:50:00,2026-06-24T16:30:00,NORMAL,1380
2026-06-25,THURSDAY,2026-06-25T01:15:00,2026-06-24,45.0,690,2026-06-25T02:50:00,2026-06-25T16:30:00,NORMAL,1380
2026-06-26,FRIDAY,2026-06-26T01:15:00,2026-06-25,45.0,690,2026-06-26T02:50:00,2026-06-26T16:30:00,NORMAL,1380
2026-06-29,MONDAY,2026-06-29T01:15:00,2026-06-26,45.0,690,2026-06-29T02:50:00,2026-06-29T16:30:00,NORMAL,1380
2026-06-30,TUESDAY,2026-06-30T01:15:00,2026-06-29,45.0,690,2026-06-30T02:50:00,2026-06-30T16:30:00,NORMAL,1380
2026-07-01,WEDNESDAY,2026-07-01T01:15:00,2026-06-30,45.0,690,2026-07-01T02:50:00,2026-07-01T16:30:00,NORMAL,1380
2026-07-02,THURSDAY,2026-07-02T01:15:00,2026-07-01,45.0,690,2026-07-02T02:50:00,2026-07-02T16:30:00,NORMAL,1380
2026-07-03,FRIDAY,2026-07-03T01:15:00,2026-07-02,45.0,690,2026-07-03T02:50:00,2026-07-03T16:30:00,NORMAL,1090
2026-07-06,MONDAY,2026-07-06T01:15:00,2026-07-03,45.0,600,2026-07-06T02:50:00,2026-07-06T16:30:00,NORMAL,1380
2026-07-07,TUESDAY,2026-07-07T01:15:00,2026-07-06,45.0,690,2026-07-07T02:50:00,2026-07-07T16:30:00,NORMAL,1380
2026-07-08,WEDNESDAY,2026-07-08T01:15:00,2026-07-07,45.0,690,2026-07-08T02:50:00,2026-07-08T16:30:00,NORMAL,1380
2026-07-09,THURSDAY,2026-07-09T01:15:00,2026-07-08,45.0,690,2026-07-09T02:50:00,2026-07-09T16:30:00,NORMAL,1380
2026-07-10,FRIDAY,2026-07-10T01:15:00,2026-07-09,45.0,690,2026-07-10T02:50:00,2026-07-10T16:30:00,NORMAL,1380
2026-07-13,MONDAY,2026-07-13T01:15:00,2026-07-10,45.0,690,2026-07-13T02:50:00,2026-07-13T16:30:00,NORMAL,1380
2026-07-14,TUESDAY,2026-07-14T01:15:00,2026-07-13,45.0,690,2026-07-14T02:50:00,2026-07-14T16:30:00,NORMAL,1380
2026-07-15,WEDNESDAY,2026-07-15T01:15:00,2026-07-14,45.0,690,2026-07-15T02:50:00,2026-07-15T16:30:00,NORMAL,1380
2026-07-16,THURSDAY,2026-07-16T01:15:00,2026-07-15,45.0,690,2026-07-16T02:50:00,2026-07-16T16:30:00,NORMAL,1380
2026-07-17,FRIDAY,2026-07-17T01:15:00,2026-07-16,45.0,690,2026-07-17T02:50:00,2026-07-17T16:30:00,NORMAL,1380
2026-07-20,MONDAY,2026-07-20T01:15:00,2026-07-17,45.0,690,2026-07-20T02:50:00,2026-07-20T16:30:00,NORMAL,1380
2026-07-21,TUESDAY,2026-07-21T01:15:00,2026-07-20,45.0,690,2026-07-21T02:50:00,2026-07-21T16:30:00,NORMAL,1380
2026-07-22,WEDNESDAY,2026-07-22T01:15:00,2026-07-21,45.0,690,2026-07-22T02:50:00,2026-07-22T16:30:00,NORMAL,1380
2026-07-23,THURSDAY,2026-07-23T01:15:00,2026-07-22,45.0,690,2026-07-23T02:50:00,2026-07-23T16:30:00,NORMAL,1380
2026-07-24,FRIDAY,2026-07-24T01:15:00,2026-07-23,45.0,690,2026-07-24T02:50:00,2026-07-24T16:30:00,NORMAL,1380
2026-07-27,MONDAY,2026-07-27T01:15:00,2026-07-24,45.0,690,2026-07-27T02:50:00,2026-07-27T16:30:00,NORMAL,1380
2026-07-28,TUESDAY,2026-07-28T01:15:00,2026-07-27,45.0,690,2026-07-28T02:50:00,2026-07-28T16:30:00,NORMAL,1380
2026-07-29,WEDNESDAY,2026-07-29T01:15:00,2026-07-28,45.0,690,2026-07-29T02:50:00,2026-07-29T16:30:00,NORMAL,1380
2026-07-30,THURSDAY,2026-07-30T01:15:00,2026-07-29,45.0,690,2026-07-30T02:50:00,2026-07-30T16:30:00,NORMAL,1380
2026-07-31,FRIDAY,2026-07-31T01:15:00,2026-07-30,45.0,690,2026-07-31T02:50:00,2026-07-31T16:30:00,NORMAL,1380
2026-08-03,MONDAY,2026-08-03T01:15:00,2026-07-31,45.0,690,2026-08-03T02:50:00,2026-08-03T16:30:00,NORMAL,1380
2026-08-04,TUESDAY,2026-08-04T01:15:00,2026-08-03,45.0,690,2026-08-04T02:50:00,2026-08-04T16:30:00,NORMAL,1380
2026-08-05,WEDNESDAY,2026-08-05T01:15:00,2026-08-04,45.0,690,2026-08-05T02:50:00,2026-08-05T16:30:00,NORMAL,1380
2026-08-06,THURSDAY,2026-08-06T01:15:00,2026-08-05,45.0,690,2026-08-06T02:50:00,2026-08-06T16:30:00,NORMAL,1380
2026-08-07,FRIDAY,2026-08-07T01:15:00,2026-08-06,45.0,690,2026-08-07T02:50:00,2026-08-07T16:30:00,NORMAL,1380
2026-08-10,MONDAY,2026-08-10T01:15:00,2026-08-07,45.0,690,2026-08-10T02:50:00,2026-08-10T16:30:00,NORMAL,1380
2026-08-11,TUESDAY,2026-08-11T01:15:00,2026-08-10,45.0,690,2026-08-11T02:50:00,2026-08-11T16:30:00,NORMAL,1380
2026-08-12,WEDNESDAY,2026-08-12T01:15:00,2026-08-11,45.0,690,2026-08-12T02:50:00,2026-08-12T16:30:00,NORMAL,1380
2026-08-13,THURSDAY,2026-08-13T01:15:00,2026-08-12,45.0,690,2026-08-13T01:20:00,2026-08-13T16:30:00,NORMAL,1380
2026-08-14,FRIDAY,2026-08-14T01:15:00,2026-08-13,45.0,690,2026-08-14T02:50:00,2026-08-14T16:30:00,NORMAL,1380
2026-08-17,MONDAY,2026-08-17T01:15:00,2026-08-14,45.0,690,2026-08-17T02:50:00,2026-08-17T16:30:00,NORMAL,1380
2026-08-18,TUESDAY,2026-08-18T01:15:00,2026-08-17,45.0,690,2026-08-18T02:50:00,2026-08-18T16:30:00,NORMAL,1380
2026-08-19,WEDNESDAY,2026-08-19T01:15:00,2026-08-18,45.0,690,2026-08-19T02:50:00,2026-08-19T16:30:00,NORMAL,1380
2026-08-20,THURSDAY,2026-08-20T01:15:00,2026-08-19,45.0,690,2026-08-20T02:50:00,2026-08-20T16:30:00,NORMAL,1380
2026-08-21,FRIDAY,2026-08-21T01:15:00,2026-08-20,45.0,690,2026-08-21T02:50:00,2026-08-21T16:30:00,NORMAL,1380
2026-08-24,MONDAY,2026-08-24T01:15:00,2026-08-21,45.0,690,2026-08-24T02:50:00,2026-08-24T16:30:00,NORMAL,1380
2026-08-25,TUESDAY,2026-08-25T01:15:00,2026-08-24,45.0,690,2026-08-25T02:50:00,2026-08-25T16:30:00,NORMAL,1380
2026-08-26,WEDNESDAY,2026-08-26T01:15:00,2026-08-25,45.0,690,2026-08-26T02:50:00,2026-08-26T16:30:00,NORMAL,1380
2026-08-27,THURSDAY,2026-08-27T01:15:00,2026-08-26,45.0,690,2026-08-27T02:50:00,2026-08-27T16:30:00,NORMAL,1380
2026-08-28,FRIDAY,2026-08-28T01:15:00,2026-08-27,45.0,690,2026-08-28T02:50:00,2026-08-28T16:30:00,NORMAL,1380
2026-08-31,MONDAY,2026-08-31T01:15:00,2026-08-28,45.0,690,2026-08-31T02:50:00,2026-08-31T16:30:00,NORMAL,1380
2026-09-01,TUESDAY,2026-09-01T01:15:00,2026-08-31,45.0,690,2026-09-01T02:50:00,2026-09-01T16:30:00,NORMAL,1380
2026-09-02,WEDNESDAY,2026-09-02T01:15:00,2026-09-01,45.0,690,2026-09-02T02:50:00,2026-09-02T16:30:00,NORMAL,1380
2026-09-03,THURSDAY,2026-09-03T01:15:00,2026-09-02,45.0,690,2026-09-03T02:50:00,2026-09-03T16:30:00,NORMAL,1380
2026-09-04,FRIDAY,2026-09-04T01:15:00,2026-09-03,45.0,690,2026-09-04T02:50:00,2026-09-04T16:30:00,NORMAL,1380
2026-09-07,MONDAY,2026-09-07T01:15:00,2026-09-04,45.0,690,2026-09-07T02:50:00,2026-09-07T16:30:00,NORMAL,1230
2026-09-08,TUESDAY,2026-09-08T01:15:00,2026-09-07,45.0,690,2026-09-08T02:50:00,2026-09-08T16:30:00,NORMAL,1380
2026-09-09,WEDNESDAY,2026-09-09T01:15:00,2026-09-08,45.0,690,2026-09-09T02:50:00,2026-09-09T16:30:00,NORMAL,1380
2026-09-10,THURSDAY,2026-09-10T01:15:00,2026-09-09,45.0,690,2026-09-10T02:50:00,2026-09-10T16:30:00,NORMAL,1380
2026-09-11,FRIDAY,2026-09-11T01:15:00,2026-09-10,45.0,690,2026-09-11T02:50:00,2026-09-11T16:30:00,NORMAL,1380
2026-09-14,MONDAY,2026-09-14T01:15:00,2026-09-11,45.0,690,2026-09-14T02:50:00,2026-09-14T16:30:00,NORMAL,1380
2026-09-15,TUESDAY,2026-09-15T01:15:00,2026-09-14,45.0,690,2026-09-15T02:50:00,2026-09-15T16:30:00,NORMAL,1380
2026-09-16,WEDNESDAY,2026-09-16T01:15:00,2026-09-15,45.0,690,2026-09-16T02:50:00,2026-09-16T16:30:00,NORMAL,1380
2026-09-17,THURSDAY,2026-09-17T01:15:00,2026-09-16,45.0,690,2026-09-17T02:50:00,2026-09-17T16:30:00,NORMAL,1380
2026-09-18,FRIDAY,2026-09-18T01:15:00,2026-09-17,45.0,690,2026-09-18T02:50:00,2026-09-18T16:30:00,NORMAL,1380
2026-09-21,MONDAY,2026-09-21T01:15:00,2026-09-18,45.0,690,2026-09-21T02:50:00,2026-09-21T16:30:00,NORMAL,1380
2026-09-22,TUESDAY,2026-09-22T01:15:00,2026-09-21,42.0,690,2026-09-22T02:50:00,2026-09-22T16:30:00,NORMAL,1380
2026-09-23,WEDNESDAY,2026-09-23T01:15:00,2026-09-22,42.0,690,2026-09-23T02:50:00,2026-09-23T16:30:00,NORMAL,1380
2026-09-24,THURSDAY,2026-09-24T01:15:00,2026-09-23,42.0,690,2026-09-24T02:50:00,2026-09-24T16:30:00,NORMAL,1380
2026-09-25,FRIDAY,2026-09-25T01:15:00,2026-09-24,38.0,690,2026-09-25T02:50:00,2026-09-25T16:30:00,NORMAL,1380
