minute_broker_time,class
2026-01-02T23:58:00,PFM_NO_TICKS_NO_BAR
2026-01-02T23:59:00,PFM_NO_TICKS_NO_BAR
2026-01-06T23:59:00,PFM_NO_TICKS_NO_BAR
2026-01-09T23:57:00,PFM_NO_TICKS_NO_BAR
2026-01-09T23:58:00,PFM_NO_TICKS_NO_BAR
2026-01-09T23:59:00,PFM_NO_TICKS_NO_BAR
2026-01-16T23:58:00,PFM_NO_TICKS_NO_BAR
2026-01-16T23:59:00,PFM_NO_TICKS_NO_BAR
2026-01-23T23:58:00,PFM_NO_TICKS_NO_BAR
2026-01-23T23:59:00,PFM_NO_TICKS_NO_BAR
2026-02-20T20:32:00,PFM_NO_TICKS_NO_BAR
2026-02-20T20:33:00,PFM_NO_TICKS_NO_BAR
2026-02-20T20:34:00,PFM_NO_TICKS_NO_BAR
2026-02-20T20:35:00,PFM_NO_TICKS_NO_BAR
2026-02-20T20:36:00,PFM_NO_TICKS_NO_BAR
2026-02-20T20:37:00,PFM_NO_TICKS_NO_BAR
2026-02-20T20:38:00,PFM_NO_TICKS_NO_BAR
2026-02-20T20:39:00,PFM_NO_TICKS_NO_BAR
2026-03-26T15:00:00,PFM_NO_TICKS_NO_BAR
2026-04-09T16:38:00,PFM_RECONCILIATION_FAILED
2026-04-09T16:39:00,PFM_RECONCILIATION_FAILED
2026-04-09T16:40:00,PFM_NO_TICKS_WITH_BAR
2026-04-09T16:41:00,PFM_NO_TICKS_WITH_BAR
2026-04-09T16:42:00,PFM_RECONCILIATION_FAILED
2026-04-09T16:43:00,PFM_RECONCILIATION_FAILED
2026-04-09T16:44:00,PFM_RECONCILIATION_FAILED
2026-05-25T21:31:00,PFM_NO_TICKS_NO_BAR
2026-05-25T21:32:00,PFM_NO_TICKS_NO_BAR
2026-05-25T21:33:00,PFM_NO_TICKS_NO_BAR
2026-05-25T21:34:00,PFM_NO_TICKS_NO_BAR
2026-05-25T21:35:00,PFM_NO_TICKS_NO_BAR
2026-05-25T21:36:00,PFM_NO_TICKS_NO_BAR
2026-05-25T21:37:00,PFM_NO_TICKS_NO_BAR
2026-05-25T21:38:00,PFM_NO_TICKS_NO_BAR
2026-05-25T21:39:00,PFM_NO_TICKS_NO_BAR
2026-05-25T21:40:00,PFM_NO_TICKS_NO_BAR
2026-05-25T21:41:00,PFM_NO_TICKS_NO_BAR
2026-05-25T21:42:00,PFM_NO_TICKS_NO_BAR
2026-05-25T21:43:00,PFM_NO_TICKS_NO_BAR
2026-05-25T21:44:00,PFM_NO_TICKS_NO_BAR
2026-05-25T21:45:00,PFM_NO_TICKS_NO_BAR
2026-05-25T21:46:00,PFM_NO_TICKS_NO_BAR
2026-05-25T21:47:00,PFM_NO_TICKS_NO_BAR
2026-05-25T21:53:00,PFM_NO_TICKS_NO_BAR
2026-05-25T21:54:00,PFM_NO_TICKS_NO_BAR
2026-05-25T21:56:00,PFM_NO_TICKS_NO_BAR
2026-05-25T21:57:00,PFM_NO_TICKS_NO_BAR
2026-05-25T21:58:00,PFM_NO_TICKS_NO_BAR
2026-05-25T21:59:00,PFM_NO_TICKS_NO_BAR
2026-05-25T22:00:00,PFM_NO_TICKS_NO_BAR
2026-05-25T22:01:00,PFM_NO_TICKS_NO_BAR
2026-05-25T22:02:00,PFM_NO_TICKS_NO_BAR
2026-05-25T22:03:00,PFM_NO_TICKS_NO_BAR
2026-05-25T22:04:00,PFM_NO_TICKS_NO_BAR
2026-05-25T22:05:00,PFM_NO_TICKS_NO_BAR
2026-05-25T22:06:00,PFM_NO_TICKS_NO_BAR
2026-05-25T22:07:00,PFM_NO_TICKS_NO_BAR
2026-05-25T22:08:00,PFM_NO_TICKS_NO_BAR
2026-05-25T22:10:00,PFM_NO_TICKS_NO_BAR
2026-05-25T22:11:00,PFM_NO_TICKS_NO_BAR
2026-05-25T22:12:00,PFM_NO_TICKS_NO_BAR
2026-05-25T22:13:00,PFM_NO_TICKS_NO_BAR
2026-05-25T22:14:00,PFM_NO_TICKS_NO_BAR
2026-05-25T22:15:00,PFM_NO_TICKS_NO_BAR
2026-05-25T22:16:00,PFM_NO_TICKS_NO_BAR
2026-05-25T22:17:00,PFM_NO_TICKS_NO_BAR
2026-05-25T22:19:00,PFM_NO_TICKS_NO_BAR
2026-05-25T22:24:00,PFM_NO_TICKS_NO_BAR
2026-05-25T22:26:00,PFM_NO_TICKS_NO_BAR
2026-05-25T22:28:00,PFM_NO_TICKS_NO_BAR
2026-05-25T22:32:00,PFM_NO_TICKS_NO_BAR
2026-05-25T22:38:00,PFM_NO_TICKS_NO_BAR
2026-05-25T22:39:00,PFM_NO_TICKS_NO_BAR
2026-05-25T22:42:00,PFM_NO_TICKS_NO_BAR
2026-05-25T22:44:00,PFM_NO_TICKS_NO_BAR
2026-05-25T22:45:00,PFM_NO_TICKS_NO_BAR
2026-05-25T22:49:00,PFM_NO_TICKS_NO_BAR
2026-05-25T22:51:00,PFM_NO_TICKS_NO_BAR
2026-05-25T22:53:00,PFM_NO_TICKS_NO_BAR
2026-05-25T22:56:00,PFM_NO_TICKS_NO_BAR
2026-05-25T22:59:00,PFM_NO_TICKS_NO_BAR
2026-05-25T23:19:00,PFM_NO_TICKS_NO_BAR
2026-05-25T23:25:00,PFM_NO_TICKS_NO_BAR
2026-05-25T23:28:00,PFM_NO_TICKS_NO_BAR
2026-05-25T23:30:00,PFM_NO_TICKS_NO_BAR
2026-05-25T23:31:00,PFM_NO_TICKS_NO_BAR
2026-05-25T23:32:00,PFM_NO_TICKS_NO_BAR
2026-05-25T23:33:00,PFM_NO_TICKS_NO_BAR
2026-05-25T23:34:00,PFM_NO_TICKS_NO_BAR
2026-05-25T23:36:00,PFM_NO_TICKS_NO_BAR
2026-05-25T23:37:00,PFM_NO_TICKS_NO_BAR
2026-05-25T23:39:00,PFM_NO_TICKS_NO_BAR
2026-06-19T20:01:00,PFM_NO_TICKS_NO_BAR
2026-06-19T20:02:00,PFM_NO_TICKS_NO_BAR
2026-06-19T20:03:00,PFM_NO_TICKS_NO_BAR
2026-06-19T20:04:00,PFM_NO_TICKS_NO_BAR
2026-06-19T20:05:00,PFM_NO_TICKS_NO_BAR
2026-06-19T20:06:00,PFM_NO_TICKS_NO_BAR
2026-06-19T20:07:00,PFM_NO_TICKS_NO_BAR
2026-06-19T20:08:00,PFM_NO_TICKS_NO_BAR
2026-06-19T20:09:00,PFM_NO_TICKS_NO_BAR
2026-06-19T20:10:00,PFM_NO_TICKS_NO_BAR
2026-06-19T20:11:00,PFM_NO_TICKS_NO_BAR
2026-06-19T20:12:00,PFM_NO_TICKS_NO_BAR
2026-06-19T20:13:00,PFM_NO_TICKS_NO_BAR
2026-06-19T20:14:00,PFM_NO_TICKS_NO_BAR
2026-06-19T20:15:00,PFM_NO_TICKS_NO_BAR
2026-06-19T20:16:00,PFM_NO_TICKS_NO_BAR
2026-06-19T20:17:00,PFM_NO_TICKS_NO_BAR
2026-06-19T20:18:00,PFM_NO_TICKS_NO_BAR
2026-06-19T20:19:00,PFM_NO_TICKS_NO_BAR
2026-06-19T20:20:00,PFM_NO_TICKS_NO_BAR
2026-06-19T20:21:00,PFM_NO_TICKS_NO_BAR
2026-06-19T20:22:00,PFM_NO_TICKS_NO_BAR
2026-06-19T20:23:00,PFM_NO_TICKS_NO_BAR
2026-06-19T20:24:00,PFM_NO_TICKS_NO_BAR
2026-06-19T20:25:00,PFM_NO_TICKS_NO_BAR
2026-06-19T20:26:00,PFM_NO_TICKS_NO_BAR
2026-06-19T20:27:00,PFM_NO_TICKS_NO_BAR
2026-06-19T20:28:00,PFM_NO_TICKS_NO_BAR
2026-06-19T20:29:00,PFM_NO_TICKS_NO_BAR
2026-06-19T20:30:00,PFM_NO_TICKS_NO_BAR
2026-06-19T20:31:00,PFM_NO_TICKS_NO_BAR
2026-06-19T20:32:00,PFM_NO_TICKS_NO_BAR
2026-06-19T20:33:00,PFM_NO_TICKS_NO_BAR
2026-06-19T20:34:00,PFM_NO_TICKS_NO_BAR
2026-06-19T20:35:00,PFM_NO_TICKS_NO_BAR
2026-06-19T20:36:00,PFM_NO_TICKS_NO_BAR
2026-06-19T20:37:00,PFM_NO_TICKS_NO_BAR
2026-06-19T20:38:00,PFM_NO_TICKS_NO_BAR
2026-06-19T20:39:00,PFM_NO_TICKS_NO_BAR
2026-06-19T20:40:00,PFM_NO_TICKS_NO_BAR
2026-06-19T20:41:00,PFM_NO_TICKS_NO_BAR
2026-06-19T20:42:00,PFM_NO_TICKS_NO_BAR
2026-06-19T20:43:00,PFM_NO_TICKS_NO_BAR
2026-06-19T20:44:00,PFM_NO_TICKS_NO_BAR
2026-06-19T20:45:00,PFM_NO_TICKS_NO_BAR
2026-06-19T20:46:00,PFM_NO_TICKS_NO_BAR
2026-06-19T20:47:00,PFM_NO_TICKS_NO_BAR
2026-06-19T20:48:00,PFM_NO_TICKS_NO_BAR
2026-06-19T20:49:00,PFM_NO_TICKS_NO_BAR
2026-06-19T20:50:00,PFM_NO_TICKS_NO_BAR
2026-06-19T20:51:00,PFM_NO_TICKS_NO_BAR
2026-06-19T20:52:00,PFM_NO_TICKS_NO_BAR
2026-06-19T20:53:00,PFM_NO_TICKS_NO_BAR
2026-06-19T20:54:00,PFM_NO_TICKS_NO_BAR
2026-06-19T20:55:00,PFM_NO_TICKS_NO_BAR
2026-06-19T20:56:00,PFM_NO_TICKS_NO_BAR
2026-06-19T20:57:00,PFM_NO_TICKS_NO_BAR
2026-06-19T20:58:00,PFM_NO_TICKS_NO_BAR
2026-06-19T20:59:00,PFM_NO_TICKS_NO_BAR
2026-06-19T21:00:00,PFM_NO_TICKS_NO_BAR
2026-06-19T21:01:00,PFM_NO_TICKS_NO_BAR
2026-06-19T21:02:00,PFM_NO_TICKS_NO_BAR
2026-06-19T21:03:00,PFM_NO_TICKS_NO_BAR
2026-06-19T21:04:00,PFM_NO_TICKS_NO_BAR
2026-06-19T21:05:00,PFM_NO_TICKS_NO_BAR
2026-06-19T21:06:00,PFM_NO_TICKS_NO_BAR
2026-06-19T21:07:00,PFM_NO_TICKS_NO_BAR
2026-06-19T21:08:00,PFM_NO_TICKS_NO_BAR
2026-06-19T21:09:00,PFM_NO_TICKS_NO_BAR
2026-06-19T21:10:00,PFM_NO_TICKS_NO_BAR
2026-06-19T21:11:00,PFM_NO_TICKS_NO_BAR
2026-06-19T21:12:00,PFM_NO_TICKS_NO_BAR
2026-06-19T21:13:00,PFM_NO_TICKS_NO_BAR
2026-06-19T21:14:00,PFM_NO_TICKS_NO_BAR
2026-06-19T21:15:00,PFM_NO_TICKS_NO_BAR
2026-06-19T21:16:00,PFM_NO_TICKS_NO_BAR
2026-06-19T21:17:00,PFM_NO_TICKS_NO_BAR
2026-06-19T21:18:00,PFM_NO_TICKS_NO_BAR
2026-06-19T21:19:00,PFM_NO_TICKS_NO_BAR
2026-06-19T21:20:00,PFM_NO_TICKS_NO_BAR
2026-06-19T21:21:00,PFM_NO_TICKS_NO_BAR
2026-06-19T21:22:00,PFM_NO_TICKS_NO_BAR
2026-06-19T21:23:00,PFM_NO_TICKS_NO_BAR
2026-06-19T21:24:00,PFM_NO_TICKS_NO_BAR
2026-06-19T21:25:00,PFM_NO_TICKS_NO_BAR
2026-06-19T21:26:00,PFM_NO_TICKS_NO_BAR
2026-06-19T21:27:00,PFM_NO_TICKS_NO_BAR
2026-06-19T21:28:00,PFM_NO_TICKS_NO_BAR
2026-06-19T21:29:00,PFM_NO_TICKS_NO_BAR
2026-06-19T21:30:00,PFM_NO_TICKS_NO_BAR
2026-06-19T21:31:00,PFM_NO_TICKS_NO_BAR
2026-06-19T21:32:00,PFM_NO_TICKS_NO_BAR
2026-06-19T21:33:00,PFM_NO_TICKS_NO_BAR
2026-06-19T21:34:00,PFM_NO_TICKS_NO_BAR
2026-06-19T21:35:00,PFM_NO_TICKS_NO_BAR
2026-06-19T21:36:00,PFM_NO_TICKS_NO_BAR
2026-06-19T21:37:00,PFM_NO_TICKS_NO_BAR
2026-06-19T21:38:00,PFM_NO_TICKS_NO_BAR
2026-06-19T21:39:00,PFM_NO_TICKS_NO_BAR
2026-06-19T21:40:00,PFM_NO_TICKS_NO_BAR
2026-06-19T21:41:00,PFM_NO_TICKS_NO_BAR
2026-06-19T21:42:00,PFM_NO_TICKS_NO_BAR
2026-06-19T21:43:00,PFM_NO_TICKS_NO_BAR
2026-06-19T21:44:00,PFM_NO_TICKS_NO_BAR
2026-06-19T21:45:00,PFM_NO_TICKS_NO_BAR
2026-06-19T21:46:00,PFM_NO_TICKS_NO_BAR
2026-06-19T21:47:00,PFM_NO_TICKS_NO_BAR
2026-06-19T21:48:00,PFM_NO_TICKS_NO_BAR
2026-06-19T21:49:00,PFM_NO_TICKS_NO_BAR
2026-06-19T21:50:00,PFM_NO_TICKS_NO_BAR
2026-06-19T21:51:00,PFM_NO_TICKS_NO_BAR
2026-06-19T21:52:00,PFM_NO_TICKS_NO_BAR
2026-06-19T21:53:00,PFM_NO_TICKS_NO_BAR
2026-06-19T21:54:00,PFM_NO_TICKS_NO_BAR
2026-06-19T21:55:00,PFM_NO_TICKS_NO_BAR
2026-06-19T21:56:00,PFM_NO_TICKS_NO_BAR
2026-06-19T21:57:00,PFM_NO_TICKS_NO_BAR
2026-06-19T21:58:00,PFM_NO_TICKS_NO_BAR
2026-06-19T21:59:00,PFM_NO_TICKS_NO_BAR
2026-06-19T22:00:00,PFM_NO_TICKS_NO_BAR
2026-06-19T22:01:00,PFM_NO_TICKS_NO_BAR
2026-06-19T22:02:00,PFM_NO_TICKS_NO_BAR
2026-06-19T22:03:00,PFM_NO_TICKS_NO_BAR
2026-06-19T22:04:00,PFM_NO_TICKS_NO_BAR
2026-06-19T22:05:00,PFM_NO_TICKS_NO_BAR
2026-06-19T22:06:00,PFM_NO_TICKS_NO_BAR
2026-06-19T22:07:00,PFM_NO_TICKS_NO_BAR
2026-06-19T22:08:00,PFM_NO_TICKS_NO_BAR
2026-06-19T22:09:00,PFM_NO_TICKS_NO_BAR
2026-06-19T22:10:00,PFM_NO_TICKS_NO_BAR
2026-06-19T22:11:00,PFM_NO_TICKS_NO_BAR
2026-06-19T22:12:00,PFM_NO_TICKS_NO_BAR
2026-06-19T22:13:00,PFM_NO_TICKS_NO_BAR
2026-06-19T22:14:00,PFM_NO_TICKS_NO_BAR
2026-06-19T22:15:00,PFM_NO_TICKS_NO_BAR
2026-06-19T22:16:00,PFM_NO_TICKS_NO_BAR
2026-06-19T22:17:00,PFM_NO_TICKS_NO_BAR
2026-06-19T22:18:00,PFM_NO_TICKS_NO_BAR
2026-06-19T22:19:00,PFM_NO_TICKS_NO_BAR
2026-06-19T22:20:00,PFM_NO_TICKS_NO_BAR
2026-06-19T22:21:00,PFM_NO_TICKS_NO_BAR
2026-06-19T22:22:00,PFM_NO_TICKS_NO_BAR
2026-06-19T22:23:00,PFM_NO_TICKS_NO_BAR
2026-06-19T22:24:00,PFM_NO_TICKS_NO_BAR
2026-06-19T22:25:00,PFM_NO_TICKS_NO_BAR
2026-06-19T22:26:00,PFM_NO_TICKS_NO_BAR
2026-06-19T22:27:00,PFM_NO_TICKS_NO_BAR
2026-06-19T22:28:00,PFM_NO_TICKS_NO_BAR
2026-06-19T22:29:00,PFM_NO_TICKS_NO_BAR
2026-06-19T22:30:00,PFM_NO_TICKS_NO_BAR
2026-06-19T22:31:00,PFM_NO_TICKS_NO_BAR
2026-06-19T22:32:00,PFM_NO_TICKS_NO_BAR
2026-06-19T22:33:00,PFM_NO_TICKS_NO_BAR
2026-06-19T22:34:00,PFM_NO_TICKS_NO_BAR
2026-06-19T22:35:00,PFM_NO_TICKS_NO_BAR
2026-06-19T22:36:00,PFM_NO_TICKS_NO_BAR
2026-06-19T22:37:00,PFM_NO_TICKS_NO_BAR
2026-06-19T22:38:00,PFM_NO_TICKS_NO_BAR
2026-06-19T22:39:00,PFM_NO_TICKS_NO_BAR
2026-06-19T22:40:00,PFM_NO_TICKS_NO_BAR
2026-06-19T22:41:00,PFM_NO_TICKS_NO_BAR
2026-06-19T22:42:00,PFM_NO_TICKS_NO_BAR
2026-06-19T22:43:00,PFM_NO_TICKS_NO_BAR
2026-06-19T22:44:00,PFM_NO_TICKS_NO_BAR
2026-06-19T22:45:00,PFM_NO_TICKS_NO_BAR
2026-06-19T22:46:00,PFM_NO_TICKS_NO_BAR
2026-06-19T22:47:00,PFM_NO_TICKS_NO_BAR
2026-06-19T22:48:00,PFM_NO_TICKS_NO_BAR
2026-06-19T22:49:00,PFM_NO_TICKS_NO_BAR
2026-06-19T22:50:00,PFM_NO_TICKS_NO_BAR
2026-06-19T22:51:00,PFM_NO_TICKS_NO_BAR
2026-06-19T22:52:00,PFM_NO_TICKS_NO_BAR
2026-06-19T22:53:00,PFM_NO_TICKS_NO_BAR
2026-06-19T22:54:00,PFM_NO_TICKS_NO_BAR
2026-06-19T22:55:00,PFM_NO_TICKS_NO_BAR
2026-06-19T22:56:00,PFM_NO_TICKS_NO_BAR
2026-06-19T22:57:00,PFM_NO_TICKS_NO_BAR
2026-06-19T22:58:00,PFM_NO_TICKS_NO_BAR
2026-06-19T22:59:00,PFM_NO_TICKS_NO_BAR
2026-06-19T23:00:00,PFM_NO_TICKS_NO_BAR
2026-06-19T23:01:00,PFM_NO_TICKS_NO_BAR
2026-06-19T23:02:00,PFM_NO_TICKS_NO_BAR
2026-06-19T23:03:00,PFM_NO_TICKS_NO_BAR
2026-06-19T23:04:00,PFM_NO_TICKS_NO_BAR
2026-06-19T23:05:00,PFM_NO_TICKS_NO_BAR
2026-06-19T23:06:00,PFM_NO_TICKS_NO_BAR
2026-06-19T23:07:00,PFM_NO_TICKS_NO_BAR
2026-06-19T23:08:00,PFM_NO_TICKS_NO_BAR
2026-06-19T23:09:00,PFM_NO_TICKS_NO_BAR
2026-06-19T23:10:00,PFM_NO_TICKS_NO_BAR
2026-06-19T23:11:00,PFM_NO_TICKS_NO_BAR
2026-06-19T23:12:00,PFM_NO_TICKS_NO_BAR
2026-06-19T23:13:00,PFM_NO_TICKS_NO_BAR
2026-06-19T23:14:00,PFM_NO_TICKS_NO_BAR
2026-06-19T23:15:00,PFM_NO_TICKS_NO_BAR
2026-06-19T23:16:00,PFM_NO_TICKS_NO_BAR
2026-06-19T23:17:00,PFM_NO_TICKS_NO_BAR
2026-06-19T23:18:00,PFM_NO_TICKS_NO_BAR
2026-06-19T23:19:00,PFM_NO_TICKS_NO_BAR
2026-06-19T23:20:00,PFM_NO_TICKS_NO_BAR
2026-06-19T23:21:00,PFM_NO_TICKS_NO_BAR
2026-06-19T23:22:00,PFM_NO_TICKS_NO_BAR
2026-06-19T23:23:00,PFM_NO_TICKS_NO_BAR
2026-06-19T23:24:00,PFM_NO_TICKS_NO_BAR
2026-06-19T23:25:00,PFM_NO_TICKS_NO_BAR
2026-06-19T23:26:00,PFM_NO_TICKS_NO_BAR
2026-06-19T23:27:00,PFM_NO_TICKS_NO_BAR
2026-06-19T23:28:00,PFM_NO_TICKS_NO_BAR
2026-06-19T23:29:00,PFM_NO_TICKS_NO_BAR
2026-06-19T23:30:00,PFM_NO_TICKS_NO_BAR
2026-06-19T23:31:00,PFM_NO_TICKS_NO_BAR
2026-06-19T23:32:00,PFM_NO_TICKS_NO_BAR
2026-06-19T23:33:00,PFM_NO_TICKS_NO_BAR
2026-06-19T23:34:00,PFM_NO_TICKS_NO_BAR
2026-06-19T23:35:00,PFM_NO_TICKS_NO_BAR
2026-06-19T23:36:00,PFM_NO_TICKS_NO_BAR
2026-06-19T23:37:00,PFM_NO_TICKS_NO_BAR
2026-06-19T23:38:00,PFM_NO_TICKS_NO_BAR
2026-06-19T23:39:00,PFM_NO_TICKS_NO_BAR
2026-06-19T23:40:00,PFM_NO_TICKS_NO_BAR
2026-06-19T23:41:00,PFM_NO_TICKS_NO_BAR
2026-06-19T23:42:00,PFM_NO_TICKS_NO_BAR
2026-06-19T23:43:00,PFM_NO_TICKS_NO_BAR
2026-06-19T23:44:00,PFM_NO_TICKS_NO_BAR
2026-06-19T23:45:00,PFM_NO_TICKS_NO_BAR
2026-06-19T23:46:00,PFM_NO_TICKS_NO_BAR
2026-06-19T23:47:00,PFM_NO_TICKS_NO_BAR
2026-06-19T23:48:00,PFM_NO_TICKS_NO_BAR
2026-06-19T23:49:00,PFM_NO_TICKS_NO_BAR
2026-06-19T23:50:00,PFM_NO_TICKS_NO_BAR
2026-06-19T23:51:00,PFM_NO_TICKS_NO_BAR
2026-06-19T23:52:00,PFM_NO_TICKS_NO_BAR
2026-06-19T23:53:00,PFM_NO_TICKS_NO_BAR
2026-06-19T23:54:00,PFM_NO_TICKS_NO_BAR
2026-06-19T23:55:00,PFM_NO_TICKS_NO_BAR
2026-06-19T23:56:00,PFM_NO_TICKS_NO_BAR
2026-06-19T23:57:00,PFM_NO_TICKS_NO_BAR
2026-06-19T23:58:00,PFM_NO_TICKS_NO_BAR
2026-06-19T23:59:00,PFM_NO_TICKS_NO_BAR
